INSERT INTO categories (id, name) VALUES
(1, 'uncategorized'),
(2, 'cat1'),
(3, 'cat2'),
(4, 'cat3'),
(5, 'cat4');

INSERT INTO articles (title, slug, date, state, author_id, category_id) VALUES
('Article 1', 'article-1', 1230786000, 'published', 1, 1),
('Article 2', 'article-2', 1231218000, 'published', 1, 2),
('Article 3', 'article-3', 1231650000, 'published', 1, 3),
('Article 4', 'article-4', 1232082000, 'published', 1, 4),
('Article 5', 'article-5', 1233464400, 'published', 1, 5),
('Article 6', 'article-6', 1233896400, 'published', 1, 1),
('Article 7', 'article-7', 1234328400, 'published', 1, 2),
('Article 8', 'article-8', 1234760400, 'published', 1, 3),
('Article 9', 'article-9', 1235883600, 'published', 1, 4),
('Article 10', 'article-10', 1236315600, 'published', 1, 5),
('Article 11', 'article-11', 1236744000, 'published', 1, 1),
('Article 12', 'article-12', 1237176000, 'published', 1, 2),
('Article 13', 'article-13', 1238558400, 'published', 1, 3),
('Article 14', 'article-14', 1238990400, 'published', 1, 4),
('Article 15', 'article-15', 1239422400, 'published', 1, 5),
('Article 16', 'article-16', 1239854400, 'published', 1, 1),
('Article 17', 'article-17', 1241150400, 'published', 1, 2),
('Article 18', 'article-18', 1241582400, 'published', 1, 3),
('Article 19', 'article-19', 1242014400, 'published', 1, 4),
('Article 20', 'article-20', 1242446400, 'published', 1, 5),
('Article 21', 'article-21', 1243828800, 'published', 1, 1),
('Article 22', 'article-22', 1244260800, 'published', 1, 2),
('Article 23', 'article-23', 1244692800, 'published', 1, 3),
('Article 24', 'article-24', 1245124800, 'published', 1, 4),
('Article 25', 'article-25', 1246420800, 'published', 1, 5),
('Article 26', 'article-26', 1246852800, 'published', 1, 1),
('Article 27', 'article-27', 1247284800, 'published', 1, 2),
('Article 28', 'article-28', 1247716800, 'published', 1, 3),
('Article 29', 'article-29', 1249099200, 'published', 1, 4),
('Article 30', 'article-30', 1249531200, 'published', 1, 5),
('Article 31', 'article-31', 1249963200, 'published', 1, 1),
('Article 32', 'article-32', 1250395200, 'published', 1, 2),
('Article 33', 'article-33', 1251777600, 'published', 1, 3),
('Article 34', 'article-34', 1252209600, 'published', 1, 4),
('Article 35', 'article-35', 1252641600, 'published', 1, 5),
('Article 36', 'article-36', 1253073600, 'published', 1, 1),
('Article 37', 'article-37', 1254369600, 'published', 1, 2),
('Article 38', 'article-38', 1254801600, 'published', 1, 3),
('Article 39', 'article-39', 1255233600, 'published', 1, 4),
('Article 40', 'article-40', 1255665600, 'published', 1, 5),
('Article 41', 'article-41', 1257048000, 'published', 1, 1),
('Article 42', 'article-42', 1257483600, 'published', 1, 2),
('Article 43', 'article-43', 1257915600, 'published', 1, 3),
('Article 44', 'article-44', 1258347600, 'published', 1, 4),
('Article 45', 'article-45', 1259643600, 'published', 1, 5),
('Article 46', 'article-46', 1260075600, 'published', 1, 1),
('Article 47', 'article-47', 1260507600, 'published', 1, 2),
('Article 48', 'article-48', 1260939600, 'published', 1, 3),
('Article 49', 'article-49', 1262322000, 'published', 1, 4),
('Article 50', 'article-50', 1262754000, 'published', 1, 5),
('Article 51', 'article-51', 1263186000, 'published', 1, 1),
('Article 52', 'article-52', 1263618000, 'published', 1, 2),
('Article 53', 'article-53', 1265000400, 'published', 1, 3),
('Article 54', 'article-54', 1265432400, 'published', 1, 4),
('Article 55', 'article-55', 1265864400, 'published', 1, 5),
('Article 56', 'article-56', 1266296400, 'published', 1, 1),
('Article 57', 'article-57', 1267419600, 'published', 1, 2),
('Article 58', 'article-58', 1267851600, 'published', 1, 3),
('Article 59', 'article-59', 1268283600, 'published', 1, 4),
('Article 60', 'article-60', 1268712000, 'published', 1, 5),
('Article 61', 'article-61', 1270094400, 'published', 1, 1),
('Article 62', 'article-62', 1270526400, 'published', 1, 2),
('Article 63', 'article-63', 1270958400, 'published', 1, 3),
('Article 64', 'article-64', 1271390400, 'published', 1, 4),
('Article 65', 'article-65', 1272686400, 'published', 1, 5),
('Article 66', 'article-66', 1273118400, 'published', 1, 1),
('Article 67', 'article-67', 1273550400, 'published', 1, 2),
('Article 68', 'article-68', 1273982400, 'published', 1, 3),
('Article 69', 'article-69', 1275364800, 'published', 1, 4),
('Article 70', 'article-70', 1275796800, 'published', 1, 5),
('Article 71', 'article-71', 1276228800, 'published', 1, 1),
('Article 72', 'article-72', 1276660800, 'published', 1, 2),
('Article 73', 'article-73', 1277956800, 'published', 1, 3),
('Article 74', 'article-74', 1278388800, 'published', 1, 4),
('Article 75', 'article-75', 1278820800, 'published', 1, 5),
('Article 76', 'article-76', 1279252800, 'published', 1, 1),
('Article 77', 'article-77', 1280635200, 'published', 1, 2),
('Article 78', 'article-78', 1281067200, 'published', 1, 3),
('Article 79', 'article-79', 1281499200, 'published', 1, 4),
('Article 80', 'article-80', 1281931200, 'published', 1, 5),
('Article 81', 'article-81', 1283313600, 'published', 1, 1),
('Article 82', 'article-82', 1283745600, 'published', 1, 2),
('Article 83', 'article-83', 1284177600, 'published', 1, 3),
('Article 84', 'article-84', 1284609600, 'published', 1, 4),
('Article 85', 'article-85', 1285905600, 'published', 1, 5),
('Article 86', 'article-86', 1286337600, 'published', 1, 1),
('Article 87', 'article-87', 1286769600, 'published', 1, 2),
('Article 88', 'article-88', 1287201600, 'published', 1, 3),
('Article 89', 'article-89', 1288584000, 'published', 1, 4),
('Article 90', 'article-90', 1289016000, 'published', 1, 5),
('Article 91', 'article-91', 1289451600, 'published', 1, 1),
('Article 92', 'article-92', 1289883600, 'published', 1, 2),
('Article 93', 'article-93', 1291179600, 'published', 1, 3),
('Article 94', 'article-94', 1291611600, 'published', 1, 4),
('Article 95', 'article-95', 1292043600, 'published', 1, 5),
('Article 96', 'article-96', 1292475600, 'published', 1, 1),
('Article 97', 'article-97', 1293858000, 'published', 1, 2),
('Article 98', 'article-98', 1296536400, 'published', 1, 3),
('Article 99', 'article-99', 1298955600, 'published', 1, 4),
('Article 100', 'article-100', 1301630400, 'published', 1, 5);

INSERT INTO tags (id, name) VALUES
(1, 'tag0'),
(2, 'tag1'),
(3, 'tag2'),
(4, 'tag3'),
(5, 'tag4'),
(6, 'tag5'),
(7, 'tag6'),
(8, 'tag7'),
(9, 'tag8'),
(10, 'tag9');

INSERT INTO articles_tags (article_id, tag_id) VALUES
(1, 1),
(2, 1),
(2, 2),
(3, 1),
(3, 2),
(3, 3),
(4, 1),
(4, 2),
(4, 3),
(4, 4),
(5, 1),
(5, 2),
(5, 3),
(5, 4),
(5, 5),
(6, 1),
(6, 2),
(6, 3),
(6, 4),
(6, 5),
(6, 6),
(7, 1),
(7, 2),
(7, 3),
(7, 4),
(7, 5),
(7, 6),
(7, 7),
(8, 1),
(8, 2),
(8, 3),
(8, 4),
(8, 5),
(8, 6),
(8, 7),
(8, 8),
(9, 1),
(9, 2),
(9, 3),
(9, 4),
(9, 5),
(9, 6),
(9, 7),
(9, 8),
(9, 9),
(10, 1),
(10, 2),
(10, 3),
(10, 4),
(10, 5),
(10, 6),
(10, 7),
(10, 8),
(10, 9),
(10, 10),
(11, 1),
(12, 1),
(12, 2),
(13, 1),
(13, 2),
(13, 3),
(14, 1),
(14, 2),
(14, 3),
(14, 4),
(15, 1),
(15, 2),
(15, 3),
(15, 4),
(15, 5),
(16, 1),
(16, 2),
(16, 3),
(16, 4),
(16, 5),
(16, 6),
(17, 1),
(17, 2),
(17, 3),
(17, 4),
(17, 5),
(17, 6),
(17, 7),
(18, 1),
(18, 2),
(18, 3),
(18, 4),
(18, 5),
(18, 6),
(18, 7),
(18, 8),
(19, 1),
(19, 2),
(19, 3),
(19, 4),
(19, 5),
(19, 6),
(19, 7),
(19, 8),
(19, 9),
(20, 1),
(20, 2),
(20, 3),
(20, 4),
(20, 5),
(20, 6),
(20, 7),
(20, 8),
(20, 9),
(20, 10),
(21, 1),
(22, 1),
(22, 2),
(23, 1),
(23, 2),
(23, 3),
(24, 1),
(24, 2),
(24, 3),
(24, 4),
(25, 1),
(25, 2),
(25, 3),
(25, 4),
(25, 5),
(26, 1),
(26, 2),
(26, 3),
(26, 4),
(26, 5),
(26, 6),
(27, 1),
(27, 2),
(27, 3),
(27, 4),
(27, 5),
(27, 6),
(27, 7),
(28, 1),
(28, 2),
(28, 3),
(28, 4),
(28, 5),
(28, 6),
(28, 7),
(28, 8),
(29, 1),
(29, 2),
(29, 3),
(29, 4),
(29, 5),
(29, 6),
(29, 7),
(29, 8),
(29, 9),
(30, 1),
(30, 2),
(30, 3),
(30, 4),
(30, 5),
(30, 6),
(30, 7),
(30, 8),
(30, 9),
(30, 10),
(31, 1),
(32, 1),
(32, 2),
(33, 1),
(33, 2),
(33, 3),
(34, 1),
(34, 2),
(34, 3),
(34, 4),
(35, 1),
(35, 2),
(35, 3),
(35, 4),
(35, 5),
(36, 1),
(36, 2),
(36, 3),
(36, 4),
(36, 5),
(36, 6),
(37, 1),
(37, 2),
(37, 3),
(37, 4),
(37, 5),
(37, 6),
(37, 7),
(38, 1),
(38, 2),
(38, 3),
(38, 4),
(38, 5),
(38, 6),
(38, 7),
(38, 8),
(39, 1),
(39, 2),
(39, 3),
(39, 4),
(39, 5),
(39, 6),
(39, 7),
(39, 8),
(39, 9),
(40, 1),
(40, 2),
(40, 3),
(40, 4),
(40, 5),
(40, 6),
(40, 7),
(40, 8),
(40, 9),
(40, 10),
(41, 1),
(42, 1),
(42, 2),
(43, 1),
(43, 2),
(43, 3),
(44, 1),
(44, 2),
(44, 3),
(44, 4),
(45, 1),
(45, 2),
(45, 3),
(45, 4),
(45, 5),
(46, 1),
(46, 2),
(46, 3),
(46, 4),
(46, 5),
(46, 6),
(47, 1),
(47, 2),
(47, 3),
(47, 4),
(47, 5),
(47, 6),
(47, 7),
(48, 1),
(48, 2),
(48, 3),
(48, 4),
(48, 5),
(48, 6),
(48, 7),
(48, 8),
(49, 1),
(49, 2),
(49, 3),
(49, 4),
(49, 5),
(49, 6),
(49, 7),
(49, 8),
(49, 9),
(50, 1),
(50, 2),
(50, 3),
(50, 4),
(50, 5),
(50, 6),
(50, 7),
(50, 8),
(50, 9),
(50, 10),
(51, 1),
(52, 1),
(52, 2),
(53, 1),
(53, 2),
(53, 3),
(54, 1),
(54, 2),
(54, 3),
(54, 4),
(55, 1),
(55, 2),
(55, 3),
(55, 4),
(55, 5),
(56, 1),
(56, 2),
(56, 3),
(56, 4),
(56, 5),
(56, 6),
(57, 1),
(57, 2),
(57, 3),
(57, 4),
(57, 5),
(57, 6),
(57, 7),
(58, 1),
(58, 2),
(58, 3),
(58, 4),
(58, 5),
(58, 6),
(58, 7),
(58, 8),
(59, 1),
(59, 2),
(59, 3),
(59, 4),
(59, 5),
(59, 6),
(59, 7),
(59, 8),
(59, 9),
(60, 1),
(60, 2),
(60, 3),
(60, 4),
(60, 5),
(60, 6),
(60, 7),
(60, 8),
(60, 9),
(60, 10),
(61, 1),
(62, 1),
(62, 2),
(63, 1),
(63, 2),
(63, 3),
(64, 1),
(64, 2),
(64, 3),
(64, 4),
(65, 1),
(65, 2),
(65, 3),
(65, 4),
(65, 5),
(66, 1),
(66, 2),
(66, 3),
(66, 4),
(66, 5),
(66, 6),
(67, 1),
(67, 2),
(67, 3),
(67, 4),
(67, 5),
(67, 6),
(67, 7),
(68, 1),
(68, 2),
(68, 3),
(68, 4),
(68, 5),
(68, 6),
(68, 7),
(68, 8),
(69, 1),
(69, 2),
(69, 3),
(69, 4),
(69, 5),
(69, 6),
(69, 7),
(69, 8),
(69, 9),
(70, 1),
(70, 2),
(70, 3),
(70, 4),
(70, 5),
(70, 6),
(70, 7),
(70, 8),
(70, 9),
(70, 10),
(71, 1),
(72, 1),
(72, 2),
(73, 1),
(73, 2),
(73, 3),
(74, 1),
(74, 2),
(74, 3),
(74, 4),
(75, 1),
(75, 2),
(75, 3),
(75, 4),
(75, 5),
(76, 1),
(76, 2),
(76, 3),
(76, 4),
(76, 5),
(76, 6),
(77, 1),
(77, 2),
(77, 3),
(77, 4),
(77, 5),
(77, 6),
(77, 7),
(78, 1),
(78, 2),
(78, 3),
(78, 4),
(78, 5),
(78, 6),
(78, 7),
(78, 8),
(79, 1),
(79, 2),
(79, 3),
(79, 4),
(79, 5),
(79, 6),
(79, 7),
(79, 8),
(79, 9),
(80, 1),
(80, 2),
(80, 3),
(80, 4),
(80, 5),
(80, 6),
(80, 7),
(80, 8),
(80, 9),
(80, 10),
(81, 1),
(82, 1),
(82, 2),
(83, 1),
(83, 2),
(83, 3),
(84, 1),
(84, 2),
(84, 3),
(84, 4),
(85, 1),
(85, 2),
(85, 3),
(85, 4),
(85, 5),
(86, 1),
(86, 2),
(86, 3),
(86, 4),
(86, 5),
(86, 6),
(87, 1),
(87, 2),
(87, 3),
(87, 4),
(87, 5),
(87, 6),
(87, 7),
(88, 1),
(88, 2),
(88, 3),
(88, 4),
(88, 5),
(88, 6),
(88, 7),
(88, 8),
(89, 1),
(89, 2),
(89, 3),
(89, 4),
(89, 5),
(89, 6),
(89, 7),
(89, 8),
(89, 9),
(90, 1),
(90, 2),
(90, 3),
(90, 4),
(90, 5),
(90, 6),
(90, 7),
(90, 8),
(90, 9),
(90, 10),
(91, 1),
(92, 1),
(92, 2),
(93, 1),
(93, 2),
(93, 3),
(94, 1),
(94, 2),
(94, 3),
(94, 4),
(95, 1),
(95, 2),
(95, 3),
(95, 4),
(95, 5),
(96, 1),
(96, 2),
(96, 3),
(96, 4),
(96, 5),
(96, 6),
(97, 1),
(97, 2),
(97, 3),
(97, 4),
(97, 5),
(97, 6),
(97, 7),
(98, 1),
(98, 2),
(98, 3),
(98, 4),
(98, 5),
(98, 6),
(98, 7),
(98, 8),
(99, 1),
(99, 2),
(99, 3),
(99, 4),
(99, 5),
(99, 6),
(99, 7),
(99, 8),
(99, 9),
(100, 1);

